{
  "select_language": "🌐 Выберите язык / Select language:",
  "lang_ru": "[1] Русский",
  "lang_en": "[2] English",
  "select_mode": "📡 Выберите режим загрузки:",
  "by_author": "[1] По автору",
  "by_tag": "[2] По тегу (свободный ввод)",
  "prompt_choice": "👉 Ваш выбор: ",
  "input_author": "🖋 Введите имя автора (только маленькие буквы!): ",
  "searching": "🔎 Ищу автора на платформах...",
  "not_found": "🚫 Автор не найден ни на одной платформе.",
  "found_on": "🛰 Найден на:",
  "select_platform": "👉 Откуда качаем: ",
  "invalid": "❌ Неверный выбор.",
  "select_rating": "📊 Рейтинг:",
  "rating_all": "[0] Любой",
  "rating_s": "[1] Safe",
  "rating_q": "[2] Questionable",
  "rating_e": "[3] Explicit",
  "exclude_tags": "🚫 Исключить теги (через пробел, можно оставить пустым): ",
  "pages": "🔁 Сколько страниц просматривать? 👉 ",
  "next_action": "📌 Что дальше?",
  "again": "[1] Начать заново",
  "exit": "[2] Выйти",
  "bye": "👋 До скорого!",
  "input_tag": "🔖 Введите тег или несколько тегов через пробел: "
}