{
  "select_language": "🌐 Choose language / Выберите язык:",
  "lang_ru": "[1] Russian",
  "lang_en": "[2] English",
  "select_mode": "📡 Select download mode:",
  "by_author": "[1] By author",
  "by_tag": "[2] By tag (manual input)",
  "prompt_choice": "👉 Your choice: ",
  "input_author": "🖋 Enter author name (lowercase only!): ",
  "searching": "🔎 Searching platforms...",
  "not_found": "🚫 Author not found on any platform.",
  "found_on": "🛰 Found on:",
  "select_platform": "👉 Select source: ",
  "invalid": "❌ Invalid choice.",
  "select_rating": "📊 Rating:",
  "rating_all": "[0] Any",
  "rating_s": "[1] Safe",
  "rating_q": "[2] Questionable",
  "rating_e": "[3] Explicit",
  "exclude_tags": "🚫 Exclude tags (space-separated, optional): ",
  "pages": "🔁 How many pages to check? 👉 ",
  "next_action": "📌 What's next?",
  "again": "[1] Start over",
  "exit": "[2] Exit",
  "bye": "👋 See you soon!",
  "input_tag": "🔖 Enter tag or multiple tags (space-separated): "
}